{
  "state_1": {
    "pH_index": 0,
    "EC_index": 0,
    "best_action": 2,
    "q_values": [
      -174.9156641480738,
      -134.3040369331651,
      -35.14020326086008,
      -145.10300909845586,
      -151.7248869690835,
      -155.68437410997643,
      -130.25729178023172,
      -165.49317456697437,
      -142.69450945709605
    ],
    "max_q": -35.14020326086008
  },
  "state_2": {
    "pH_index": 0,
    "EC_index": 1,
    "best_action": 2,
    "q_values": [
      -63.134053340544696,
      -40.60421754075293,
      50.06677332500432,
      -74.85004936930771,
      -68.20670435585058,
      -69.84640129372835,
      -61.04846220371025,
      -60.72233917310101,
      -118.4887941045426
    ],
    "max_q": 50.06677332500432
  },
  "state_3": {
    "pH_index": 0,
    "EC_index": 2,
    "best_action": 2,
    "q_values": [
      -88.13417834554822,
      -46.70449061543526,
      58.0115903305412,
      -77.99519617785208,
      -67.19091440069845,
      -81.92478303728439,
      -74.68746795585399,
      -66.2299359610405,
      -75.78024866226261
    ],
    "max_q": 58.0115903305412
  },
  "state_4": {
    "pH_index": 0,
    "EC_index": 3,
    "best_action": 2,
    "q_values": [
      -82.8410778245735,
      -45.412746617748326,
      46.38420879517904,
      -64.46557319979814,
      -61.79588944626732,
      -116.83804208206061,
      -122.24677958896706,
      -71.36548988461544,
      -67.37068961555899
    ],
    "max_q": 46.38420879517904
  },
  "state_5": {
    "pH_index": 0,
    "EC_index": 4,
    "best_action": 8,
    "q_values": [
      -165.19816712501506,
      -180.6222346746324,
      -160.67285491244274,
      -159.14374490688516,
      -177.6409635906199,
      -195.61153021188963,
      -194.690395890995,
      -163.32692447158632,
      -35.77414492021128
    ],
    "max_q": -35.77414492021128
  },
  "state_6": {
    "pH_index": 1,
    "EC_index": 0,
    "best_action": 6,
    "q_values": [
      -51.19912673681524,
      -68.36018995829427,
      -74.87540620924356,
      -96.44309912592755,
      -123.74293183502175,
      -51.94143580049373,
      49.02968195324366,
      -63.10049865426484,
      -54.2434115018182
    ],
    "max_q": 49.02968195324366
  },
  "state_7": {
    "pH_index": 1,
    "EC_index": 1,
    "best_action": 6,
    "q_values": [
      15.064110668429818,
      29.355811204364343,
      6.835584324604611,
      -1.594936879312285,
      -73.4195393010599,
      27.59243192963269,
      53.672667083375536,
      -19.949185579056763,
      -41.46709611488594
    ],
    "max_q": 53.672667083375536
  },
  "state_8": {
    "pH_index": 1,
    "EC_index": 2,
    "best_action": 2,
    "q_values": [
      7.0461956483729775,
      36.261950098794564,
      50.79749928933692,
      -3.855669703319765,
      -49.37902141980422,
      3.0739135974834286,
      21.276502315783944,
      18.817523731812546,
      22.937479686680835
    ],
    "max_q": 50.79749928933692
  },
  "state_9": {
    "pH_index": 1,
    "EC_index": 3,
    "best_action": 1,
    "q_values": [
      13.605849077278588,
      53.818652759463475,
      19.239175441344976,
      -9.529230120417097,
      -60.112473864071454,
      -16.926605823826026,
      -52.24799392179697,
      28.626321885544034,
      22.540098985676465
    ],
    "max_q": 53.818652759463475
  },
  "state_10": {
    "pH_index": 1,
    "EC_index": 4,
    "best_action": 7,
    "q_values": [
      -83.75225903046365,
      -68.9204467156847,
      -58.76719557589383,
      -101.92711637470096,
      -123.38106689186898,
      -81.45941220240796,
      -75.21348582871157,
      3.6653435649238864,
      -45.66987271618324
    ],
    "max_q": 3.6653435649238864
  },
  "state_11": {
    "pH_index": 2,
    "EC_index": 0,
    "best_action": 6,
    "q_values": [
      -53.49100381544986,
      -69.62480587820855,
      -69.20466090694832,
      -70.45751379681334,
      -61.421024707057114,
      -55.927093709221566,
      60.52443633140395,
      -81.10165726497789,
      -62.54485328076486
    ],
    "max_q": 60.52443633140395
  },
  "state_12": {
    "pH_index": 2,
    "EC_index": 1,
    "best_action": 5,
    "q_values": [
      36.17645560714647,
      29.11563685823457,
      27.09618905711741,
      24.984130172866845,
      22.451655439359456,
      53.250228744778546,
      32.7078115351266,
      -14.351961536312599,
      -60.43210646597214
    ],
    "max_q": 53.250228744778546
  },
  "state_13": {
    "pH_index": 2,
    "EC_index": 2,
    "best_action": 0,
    "q_values": [
      0.0,
      0.0,
      0.0,
      0.0,
      0.0,
      0.0,
      0.0,
      0.0,
      0.0
    ],
    "max_q": 0.0
  },
  "state_14": {
    "pH_index": 2,
    "EC_index": 3,
    "best_action": 7,
    "q_values": [
      46.55183594320852,
      31.88207260792813,
      20.68317002075367,
      28.106886616466486,
      3.1337891345714723,
      -9.672041719686716,
      -52.41688135978937,
      53.72012633395352,
      42.06109820865669
    ],
    "max_q": 53.72012633395352
  },
  "state_15": {
    "pH_index": 2,
    "EC_index": 4,
    "best_action": 8,
    "q_values": [
      -71.60683339120447,
      -54.56413648742285,
      -50.604456048422136,
      -69.49625137571836,
      -71.04497387120215,
      -71.1155550334014,
      -73.20903050160484,
      -45.07999731527404,
      60.76433069552189
    ],
    "max_q": 60.76433069552189
  },
  "state_16": {
    "pH_index": 3,
    "EC_index": 0,
    "best_action": 6,
    "q_values": [
      -44.256635799929846,
      -65.52440657182142,
      -130.80343434378324,
      -56.67568268637216,
      -39.34499218552085,
      -28.544340698774924,
      50.61924413598605,
      -56.74138859965342,
      -48.95308600203334
    ],
    "max_q": 50.61924413598605
  },
  "state_17": {
    "pH_index": 3,
    "EC_index": 1,
    "best_action": 4,
    "q_values": [
      20.14729687225786,
      -38.45633287743623,
      -46.44205443637689,
      28.5967346719402,
      60.53354781907486,
      20.424505111086138,
      26.37540846170346,
      -44.308131584135666,
      -35.65629034198814
    ],
    "max_q": 60.53354781907486
  },
  "state_18": {
    "pH_index": 3,
    "EC_index": 2,
    "best_action": 4,
    "q_values": [
      0.334060884226548,
      -7.767192033181088,
      -27.48351333177925,
      13.882164610853778,
      50.24499163664829,
      7.92690367824475,
      2.9126957056958642,
      11.175972881576698,
      17.447092314362518
    ],
    "max_q": 50.24499163664829
  },
  "state_19": {
    "pH_index": 3,
    "EC_index": 3,
    "best_action": 4,
    "q_values": [
      3.4380690953797926,
      -11.00541551702064,
      -37.088478505548956,
      18.99968949647113,
      61.12617995807258,
      -20.150703117177645,
      -28.25038755587798,
      5.353301348727446,
      4.52156282849741
    ],
    "max_q": 61.12617995807258
  },
  "state_20": {
    "pH_index": 3,
    "EC_index": 4,
    "best_action": 8,
    "q_values": [
      -51.56173750119431,
      -76.59125368797345,
      -71.93164142444598,
      -38.85896191782386,
      -41.300260282096986,
      -35.631718206232044,
      -31.606993625493736,
      -37.94762637726876,
      52.6248026100958
    ],
    "max_q": 52.6248026100958
  },
  "state_21": {
    "pH_index": 4,
    "EC_index": 0,
    "best_action": 6,
    "q_values": [
      -147.8771937346898,
      -168.70529001854197,
      -150.3813729105994,
      -129.69669705422743,
      -130.10207504261973,
      -125.76030675243165,
      -31.32538201439936,
      -153.6154219112309,
      -125.81377449648893
    ],
    "max_q": -31.32538201439936
  },
  "state_22": {
    "pH_index": 4,
    "EC_index": 1,
    "best_action": 4,
    "q_values": [
      -48.25741741656894,
      -51.7356559852281,
      -59.26246674538745,
      -36.8663988130327,
      50.126781188479896,
      -58.29633795154664,
      -51.54230119061777,
      -86.29688156884819,
      -138.2775966241357
    ],
    "max_q": 50.126781188479896
  },