{
  "state_1": {
    "pH_index": 0,
    "EC_index": 0,
    "best_action": 5,
    "q_values": [
      -1113.3933444654508,
      -1111.8984617182064,
      -1119.459887968228,
      -1123.0366734992597,
      -1111.8100036172186,
      -1111.8068639228918,
      -1111.8742627869515,
      -1117.4305592569276,
      -1117.402241055888
    ],
    "max_q": -1111.8068639228918
  },
  "state_2": {
    "pH_index": 0,
    "EC_index": 1,
    "best_action": 0,
    "q_values": [
      -991.6088589147375,
      -1005.2922373967541,
      -995.6247038453325,
      -995.4766035851052,
      -995.4790827502545,
      -995.7707534436532,
      -995.3306896005839,
      -995.6573956402657,
      -996.9595974430891
    ],
    "max_q": -991.6088589147375
  },
  "state_3": {
    "pH_index": 0,
    "EC_index": 2,
    "best_action": 4,
    "q_values": [
      -992.5789214974485,
      -985.609495750508,
      -993.4756161671122,
      -994.5398780724329,
      -980.277679582925,
      -994.6462492612741,
      -994.43851748795,
      -987.2495528034796,
      -990.9053732765627
    ],
    "max_q": -980.277679582925
  },
  "state_4": {
    "pH_index": 0,
    "EC_index": 3,
    "best_action": 0,
    "q_values": [
      -992.3990114531551,
      -1003.6361319059246,
      -996.6883066223413,
      -999.2634694413379,
      -1003.5214026433597,
      -1004.8687830211286,
      -999.0510483548168,
      -1005.2500472286995,
      -994.8990733728808
    ],
    "max_q": -992.3990114531551
  },
  "state_5": {
    "pH_index": 0,
    "EC_index": 4,
    "best_action": 2,
    "q_values": [
      -1607.6471361136462,
      -1606.578852020072,
      -1588.941026947925,
      -1607.4288863101913,
      -1606.8712830505374,
      -1608.5621762461337,
      -1608.7472916911904,
      -1606.7106377066712,
      -1607.8007069895912
    ],
    "max_q": -1588.941026947925
  },
  "state_6": {
    "pH_index": 1,
    "EC_index": 0,
    "best_action": 0,
    "q_values": [
      -825.8028281688149,
      -897.6877393401566,
      -897.7345624088288,
      -882.6993151261462,
      -899.8298822449412,
      -892.6882002471934,
      -882.454752639491,
      -881.7623796643903,
      -897.8075388636623
    ],
    "max_q": -825.8028281688149
  },
  "state_7": {
    "pH_index": 1,
    "EC_index": 1,
    "best_action": 0,
    "q_values": [
      -404.9359276674347,
      -427.62845088748924,
      -428.39467130779883,
      -427.75299135516536,
      -429.85481538932436,
      -427.84493438643796,
      -427.65406870378814,
      -427.9857882577172,
      -429.8729923249562
    ],
    "max_q": -404.9359276674347
  },
  "state_8": {
    "pH_index": 1,
    "EC_index": 2,
    "best_action": 4,
    "q_values": [
      -477.9184679034009,
      -493.77120881740444,
      -493.5817547324253,
      -493.64377795384695,
      -470.20608365770977,
      -493.3586956773101,
      -495.8729933214658,
      -494.1185036381098,
      -494.12093099964534
    ],
    "max_q": -470.20608365770977
  },
  "state_9": {
    "pH_index": 1,
    "EC_index": 3,
    "best_action": 7,
    "q_values": [
      -626.0627198071953,
      -631.5946772997544,
      -631.0414231510492,
      -631.308944817138,
      -633.1926319969425,
      -631.5998950945165,
      -630.9751924669712,
      -611.4964156407752,
      -631.0372860605241
    ],
    "max_q": -611.4964156407752
  },
  "state_10": {
    "pH_index": 1,
    "EC_index": 4,
    "best_action": 0,
    "q_values": [
      -1546.1457686101019,
      -1546.3760419944006,
      -1546.3606108187596,
      -1546.3803245628715,
      -1569.4395083815289,
      -1546.3969859153979,
      -1549.3575418454068,
      -1546.4073016839397,
      -1546.359868259927
    ],
    "max_q": -1546.1457686101019
  },
  "state_11": {
    "pH_index": 2,
    "EC_index": 0,
    "best_action": 0,
    "q_values": [
      -621.5198285226197,
      -716.3974218456069,
      -735.7448764370125,
      -731.5586265196441,
      -730.6091531407276,
      -738.4158909363059,
      -716.0922282864099,
      -716.2124375284034,
      -716.6527847203255
    ],
    "max_q": -621.5198285226197
  },
  "state_12": {
    "pH_index": 2,
    "EC_index": 1,
    "best_action": 4,
    "q_values": [
      -118.73524359512263,
      -134.10494004754884,
      -147.14401763792486,
      -147.81273956956386,
      -118.33774267589382,
      -146.35241495696195,
      -146.82754112018455,
      -147.83611070543137,
      -145.93672010183315
    ],
    "max_q": -118.33774267589382
  },
  "state_13": {
    "pH_index": 2,
    "EC_index": 2,
    "best_action": 0,
    "q_values": [
      0.0,
      0.0,
      0.0,
      0.0,
      0.0,
      0.0,
      0.0,
      0.0,
      0.0
    ],
    "max_q": 0.0
  },
  "state_14": {
    "pH_index": 2,
    "EC_index": 3,
    "best_action": 6,
    "q_values": [
      -167.06818115117113,
      -180.68322369229185,
      -177.93014402464848,
      -178.40217181491755,
      -177.7953328659504,
      -181.3712748940028,
      -157.87316957287297,
      -161.66204590679476,
      -184.36312526072243
    ],
    "max_q": -157.87316957287297
  },
  "state_15": {
    "pH_index": 2,
    "EC_index": 4,
    "best_action": 4,
    "q_values": [
      -1554.0147625142754,
      -1553.8110505963355,
      -1554.463099585682,
      -1554.3605579107325,
      -1548.2800297490805,
      -1553.953971870707,
      -1553.7175392967645,
      -1553.9760486489222,
      -1554.2564614618288
    ],
    "max_q": -1548.2800297490805
  },
  "state_16": {
    "pH_index": 3,
    "EC_index": 0,
    "best_action": 0,
    "q_values": [
      -708.7451536736376,
      -726.9901410358609,
      -714.8079025406782,
      -711.8203920985297,
      -712.3544302855677,
      -717.9470943963463,
      -717.8301237564259,
      -726.5509339031372,
      -726.9187539559018
    ],
    "max_q": -708.7451536736376
  },
  "state_17": {
    "pH_index": 3,
    "EC_index": 1,
    "best_action": 0,
    "q_values": [
      -118.04516403135685,
      -147.24716108924952,
      -137.54527382170764,
      -148.2126690669973,
      -151.45415739159415,
      -141.67077123942863,
      -147.92198792735633,
      -147.9756762532499,
      -148.2531614733605
    ],
    "max_q": -118.04516403135685
  },
  "state_18": {
    "pH_index": 3,
    "EC_index": 2,
    "best_action": 0,
    "q_values": [
      -73.0323446687731,
      -95.77673297035592,
      -116.07589508132055,
      -84.4575049033366,
      -144.8406125841587,
      -106.0658293470891,
      -95.2535281695366,
      -94.0134197738303,
      -90.97773320919686
    ],
    "max_q": -73.0323446687731
  },
  "state_19": {
    "pH_index": 3,
    "EC_index": 3,
    "best_action": 0,
    "q_values": [
      -104.78391769943956,
      -109.77143606120083,
      -128.3989350812164,
      -120.73108659489269,
      -116.46721562203766,
      -116.89529365054521,
      -116.35212983760968,
      -114.84452289311673,
      -138.71727134659284
    ],
    "max_q": -104.78391769943956
  },
  "state_20": {
    "pH_index": 3,
    "EC_index": 4,
    "best_action": 4,
    "q_values": [
      -1553.3869922301024,
      -1553.196595211729,
      -1554.3819845653325,
      -1552.838098310942,
      -1551.1517042238002,
      -1553.4134056200141,
      -1553.0277277087,
      -1552.859397536374,
      -1552.7647057115244
    ],
    "max_q": -1551.1517042238002
  },
  "state_21": {
    "pH_index": 4,
    "EC_index": 0,
    "best_action": 0,
    "q_values": [
      -1069.5875877625028,
      -1081.5709591390628,
      -1075.7761164968178,
      -1073.392797715066,
      -1073.238416464084,
      -1073.3210622406123,
      -1079.9358256198764,
      -1080.232202017889,
      -1080.2722400439259
    ],
    "max_q": -1069.5875877625028
  },
  "state_22": {
    "pH_index": 4,
    "EC_index": 1,
    "best_action": 1,