{
  "state_1": {
    "pH_index": 0,
    "EC_index": 0,
    "best_action": 6,
    "q_values": [
      -5038.24903595197,
      -5052.844654559513,
      -5047.552343183903,
      -5053.7567908050905,
      -5049.899016723836,
      -5045.513357436121,
      -5037.458136936598,
      -5037.532791085275,
      -5053.542649473243
    ],
    "max_q": -5037.458136936598
  },
  "state_2": {
    "pH_index": 0,
    "EC_index": 1,
    "best_action": 3,
    "q_values": [
      -4999.124318393501,
      -4987.511611669797,
      -4985.802700476321,
      -4985.726245142834,
      -4991.068362451806,
      -4993.089319137047,
      -4997.424394488507,
      -4989.135550306074,
      -4991.761969351473
    ],
    "max_q": -4985.726245142834
  },
  "state_3": {
    "pH_index": 0,
    "EC_index": 2,
    "best_action": 0,
    "q_values": [
      -5090.3322677715305,
      -5092.697258010246,
      -5103.399557515121,
      -5092.798631655423,
      -5103.262193902663,
      -5103.68181270373,
      -5103.768004747072,
      -5103.629681237532,
      -5103.875589886394
    ],
    "max_q": -5090.3322677715305
  },
  "state_4": {
    "pH_index": 0,
    "EC_index": 3,
    "best_action": 0,
    "q_values": [
      -5231.88046781699,
      -5237.894907337475,
      -5239.963289524438,
      -5239.288588238616,
      -5237.931823909417,
      -5238.858320889006,
      -5239.391447768814,
      -5243.944867305792,
      -5244.036914986752
    ],
    "max_q": -5231.88046781699
  },
  "state_5": {
    "pH_index": 0,
    "EC_index": 4,
    "best_action": 2,
    "q_values": [
      -6768.561539065243,
      -6768.5247544180575,
      -6768.487317563123,
      -6768.591104466297,
      -6768.61923971607,
      -6768.549826240838,
      -6768.571825953847,
      -6768.578597269905,
      -6768.580724864883
    ],
    "max_q": -6768.487317563123
  },
  "state_6": {
    "pH_index": 1,
    "EC_index": 0,
    "best_action": 5,
    "q_values": [
      -3397.2345784632553,
      -3426.6267832752756,
      -3408.9049820349023,
      -3419.5708780374603,
      -3416.2353842652383,
      -3395.612461623873,
      -3441.7575487733366,
      -3425.588075047514,
      -3413.2873636282097
    ],
    "max_q": -3395.612461623873
  },
  "state_7": {
    "pH_index": 1,
    "EC_index": 1,
    "best_action": 1,
    "q_values": [
      -2573.729419812501,
      -2569.6829768629495,
      -2571.779090593406,
      -2575.231336487123,
      -2576.5247553752793,
      -2572.7789977447715,
      -2574.5892130805128,
      -2572.6563963425597,
      -2571.678420934675
    ],
    "max_q": -2569.6829768629495
  },
  "state_8": {
    "pH_index": 1,
    "EC_index": 2,
    "best_action": 6,
    "q_values": [
      -2327.1732313119464,
      -2309.5391805363192,
      -2309.513672357223,
      -2350.7326324419605,
      -2316.324025902974,
      -2351.9184045536545,
      -2309.2887302574723,
      -2350.8605038567434,
      -2309.428561167985
    ],
    "max_q": -2309.2887302574723
  },
  "state_9": {
    "pH_index": 1,
    "EC_index": 3,
    "best_action": 7,
    "q_values": [
      -2269.071504522032,
      -2280.3222983509118,
      -2239.330679769883,
      -2243.3080078850285,
      -2245.652605805742,
      -2237.142026103778,
      -2239.6101669686063,
      -2236.79989026039,
      -2237.0861585398734
    ],
    "max_q": -2236.79989026039
  },
  "state_10": {
    "pH_index": 1,
    "EC_index": 4,
    "best_action": 2,
    "q_values": [
      -6706.378567832189,
      -6706.383104619559,
      -6706.377780688888,
      -6706.385632191878,
      -6706.959463907443,
      -6706.381266858482,
      -6706.386604980133,
      -6706.379385293621,
      -6706.382420034142
    ],
    "max_q": -6706.377780688888
  },
  "state_11": {
    "pH_index": 2,
    "EC_index": 0,
    "best_action": 0,
    "q_values": [
      -2862.005395828689,
      -3043.5485312182154,
      -2946.0473454401467,
      -3208.57149470196,
      -3015.0752682688444,
      -3355.0439847690363,
      -3336.001839995717,
      -2925.9603523187257,
      -3018.207583014951
    ],
    "max_q": -2862.005395828689
  },
  "state_12": {
    "pH_index": 2,
    "EC_index": 1,
    "best_action": 1,
    "q_values": [
      -1744.496812051821,
      -1734.3112702013575,
      -1746.0312006748852,
      -1747.6242710346987,
      -1754.4439667130955,
      -1748.9683355865375,
      -1745.7948494865702,
      -1735.3966976786273,
      -1754.1071581735991
    ],
    "max_q": -1734.3112702013575
  },
  "state_13": {
    "pH_index": 2,
    "EC_index": 2,
    "best_action": 0,
    "q_values": [
      0.0,
      0.0,
      0.0,
      0.0,
      0.0,
      0.0,
      0.0,
      0.0,
      0.0
    ],
    "max_q": 0.0
  },
  "state_14": {
    "pH_index": 2,
    "EC_index": 3,
    "best_action": 1,
    "q_values": [
      -1710.9713537589435,
      -1692.3046370016145,
      -1718.8843928493363,
      -1737.5680753218126,
      -1698.4803182814971,
      -1697.8849382192288,
      -1694.0908936372925,
      -1695.6406714264872,
      -1692.7143604982518
    ],
    "max_q": -1692.3046370016145
  },
  "state_15": {
    "pH_index": 2,
    "EC_index": 4,
    "best_action": 0,
    "q_values": [
      -6692.285939009637,
      -6703.091003146803,
      -6703.093843055894,
      -6703.283437824945,
      -6703.737329230421,
      -6703.149942075195,
      -6703.382270511738,
      -6703.089140417634,
      -6703.074677255791
    ],
    "max_q": -6692.285939009637
  },
  "state_16": {
    "pH_index": 3,
    "EC_index": 0,
    "best_action": 0,
    "q_values": [
      -3662.6682959841396,
      -3689.9599836235675,
      -3692.1466258719165,
      -3689.0421833612527,
      -3677.3591680155037,
      -3718.2473788794523,
      -3689.6315209252803,
      -3679.4306294186767,
      -3668.007685332109
    ],
    "max_q": -3662.6682959841396
  },
  "state_17": {
    "pH_index": 3,
    "EC_index": 1,
    "best_action": 1,
    "q_values": [
      -2923.4763509218483,
      -2914.754381396699,
      -2916.3789171387507,
      -2949.025991213503,
      -2949.1353704496883,
      -2949.475799364298,
      -2950.3591829153443,
      -2948.721298650599,
      -2949.0101975540583
    ],
    "max_q": -2914.754381396699
  },
  "state_18": {
    "pH_index": 3,
    "EC_index": 2,
    "best_action": 5,
    "q_values": [
      -3328.60658136317,
      -3328.6413817895364,
      -3335.950585710535,
      -3357.752148222416,
      -3328.0352368467093,
      -3326.635785253835,
      -3328.1753561262517,
      -3326.759647226667,
      -3327.0689192469486
    ],
    "max_q": -3326.635785253835
  },
  "state_19": {
    "pH_index": 3,
    "EC_index": 3,
    "best_action": 8,
    "q_values": [
      -3560.9676166747836,
      -3558.181947692134,
      -3564.3486367356654,
      -3556.4880393303847,
      -3556.346779005693,
      -3584.466506293647,
      -3585.0489460150025,
      -3582.8490180746808,
      -3554.717171010985
    ],
    "max_q": -3554.717171010985
  },
  "state_20": {
    "pH_index": 3,
    "EC_index": 4,
    "best_action": 0,
    "q_values": [
      -6689.2827483387455,
      -6689.310302915098,
      -6689.285226207856,
      -6689.286964920975,
      -6689.2932609851905,
      -6689.283507662024,
      -6689.29300357977,
      -6689.284948998528,
      -6689.283873502612
    ],
    "max_q": -6689.2827483387455
  },
  "state_21": {
    "pH_index": 4,
    "EC_index": 0,
    "best_action": 2,
    "q_values": [
      -5035.00653516556,
      -5044.667235214765,
      -5029.535483140372,
      -5035.412680265255,
      -5038.560420590135,
      -5034.872170943031,
      -5029.576440967773,
      -5030.413515809274,
      -5029.684072143145
    ],
    "max_q": -5029.535483140372
  },
  "state_22": {
    "pH_index": 4,
    "EC_index": 1,
    "best_action": 0,