{
  "state_1": {
    "pH_index": 0,
    "EC_index": 0,
    "best_action": 7,
    "q_values": [
      -1558.7373923907894,
      -5580.500612192866,
      -5149.216738261543,
      -1633.4667894778129,
      -1579.97336815087,
      -5497.350076582438,
      -5671.96535149194,
      -1542.9869725343797,
      -1557.4366620373435
    ],
    "max_q": -1542.9869725343797
  },
  "state_2": {
    "pH_index": 0,
    "EC_index": 1,
    "best_action": 7,
    "q_values": [
      -1352.6752055778989,
      -3331.461318697288,
      -3158.2992313345317,
      -1357.3384384598921,
      -1524.1897396543768,
      -3667.653852812843,
      -3551.7821538796584,
      -1350.140263448791,
      -1375.6483583421998
    ],
    "max_q": -1350.140263448791
  },
  "state_3": {
    "pH_index": 0,
    "EC_index": 2,
    "best_action": 7,
    "q_values": [
      -1507.3094470055214,
      -3048.926748651446,
      -3092.1684580003084,
      -1763.8393659262738,
      -2018.161138421124,
      -3009.0800147679283,
      -3307.4223504128177,
      -1495.2323296578677,
      -1557.7699310050805
    ],
    "max_q": -1495.2323296578677
  },
  "state_4": {
    "pH_index": 0,
    "EC_index": 3,
    "best_action": 8,
    "q_values": [
      -1839.1024577549401,
      -3314.753172670341,
      -2696.130777978565,
      -2232.1262798188163,
      -1931.7189857298924,
      -3346.4152858416974,
      -3131.9723200606463,
      -1834.8015591159185,
      -1834.4697416073518
    ],
    "max_q": -1834.4697416073518
  },
  "state_5": {
    "pH_index": 0,
    "EC_index": 4,
    "best_action": 1,
    "q_values": [
      -5949.244916580016,
      -5949.207843379097,
      -5949.210599965111,
      -5949.210119552457,
      -5949.213836905458,
      -5949.213484739098,
      -5949.213368973603,
      -5949.219436365273,
      -5949.21416692404
    ],
    "max_q": -5949.207843379097
  },
  "state_6": {
    "pH_index": 1,
    "EC_index": 0,
    "best_action": 8,
    "q_values": [
      -618.2271855274977,
      -4543.152182157232,
      -4319.117450700754,
      -908.9617245755695,
      -1387.1409317135835,
      -4331.272682998891,
      -4539.985508603482,
      -611.700681237726,
      -611.6550495152367
    ],
    "max_q": -611.6550495152367
  },
  "state_7": {
    "pH_index": 1,
    "EC_index": 1,
    "best_action": 8,
    "q_values": [
      -308.8223936316589,
      -708.478730716369,
      -618.7708592057104,
      -299.80851723739175,
      -295.243490305082,
      -1131.4584723132568,
      -838.992735389555,
      -260.39319932547073,
      -259.123793785228
    ],
    "max_q": -259.123793785228
  },
  "state_8": {
    "pH_index": 1,
    "EC_index": 2,
    "best_action": 8,
    "q_values": [
      -267.24993351042116,
      -1031.7020078379114,
      -610.2234919749699,
      -411.91472081164187,
      -368.83235420303765,
      -615.8121886885755,
      -681.0580660997067,
      -256.7017547847574,
      -247.74668352367542
    ],
    "max_q": -247.74668352367542
  },
  "state_9": {
    "pH_index": 1,
    "EC_index": 3,
    "best_action": 8,
    "q_values": [
      -340.1790284946587,
      -515.1636760459878,
      -328.90612554887963,
      -337.77558434641395,
      -449.0058466710811,
      -541.1317060158658,
      -490.85702179651605,
      -333.42928114621174,
      -325.87618421689916
    ],
    "max_q": -325.87618421689916
  },
  "state_10": {
    "pH_index": 1,
    "EC_index": 4,
    "best_action": 8,
    "q_values": [
      -5908.541581083027,
      -5908.539729998141,
      -5908.550059099316,
      -5908.557130339201,
      -5908.589519381482,
      -5908.543158918761,
      -5908.538759360722,
      -5908.5375481934725,
      -5908.53012338965
    ],
    "max_q": -5908.53012338965
  },
  "state_11": {
    "pH_index": 2,
    "EC_index": 0,
    "best_action": 7,
    "q_values": [
      -580.8863938214032,
      -4435.512219237999,
      -4129.7536310286,
      -875.8309162435838,
      -702.8338109815879,
      -4605.641706366705,
      -4449.801112920333,
      -534.8742989369375,
      -535.6181736461882
    ],
    "max_q": -534.8742989369375
  },
  "state_12": {
    "pH_index": 2,
    "EC_index": 1,
    "best_action": 7,
    "q_values": [
      -231.14566170530213,
      -312.0661863825527,
      -416.9225976185348,
      -395.46806098170293,
      -417.606020100777,
      -525.8449195384563,
      -877.5062818428537,
      -204.5760348427417,
      -291.55306748211217
    ],
    "max_q": -204.5760348427417
  },
  "state_13": {
    "pH_index": 2,
    "EC_index": 2,
    "best_action": 0,
    "q_values": [
      0.0,
      0.0,
      0.0,
      0.0,
      0.0,
      0.0,
      0.0,
      0.0,
      0.0
    ],
    "max_q": 0.0
  },
  "state_14": {
    "pH_index": 2,
    "EC_index": 3,
    "best_action": 0,
    "q_values": [
      -240.78056062195907,
      -551.9658327443522,
      -510.86092138188644,
      -283.20212321397685,
      -404.7181239593503,
      -568.6919309496274,
      -576.0792285642565,
      -249.24661636074543,
      -265.9058843637466
    ],
    "max_q": -240.78056062195907
  },
  "state_15": {
    "pH_index": 2,
    "EC_index": 4,
    "best_action": 2,
    "q_values": [
      -5921.038223936369,
      -5921.004771878808,
      -5920.99653087681,
      -5921.009121127185,
      -5921.0103250237935,
      -5921.002002495944,
      -5921.001983527833,
      -5921.00530629834,
      -5921.010179440884
    ],
    "max_q": -5920.99653087681
  },
  "state_16": {
    "pH_index": 3,
    "EC_index": 0,
    "best_action": 7,
    "q_values": [
      -737.0534807267421,
      -4736.828006556987,
      -4542.1054337057585,
      -1018.9703984014606,
      -759.7468387697226,
      -4628.060128761905,
      -5076.466580757584,
      -706.8376485872199,
      -707.1738814361261
    ],
    "max_q": -706.8376485872199
  },
  "state_17": {
    "pH_index": 3,
    "EC_index": 1,
    "best_action": 7,
    "q_values": [
      -555.8127145157556,
      -1246.8606768891195,
      -910.3929128907117,
      -464.7573752023729,
      -352.6114064814371,
      -899.2514964040957,
      -563.8247207860946,
      -337.184979095058,
      -364.6928563368862
    ],
    "max_q": -337.184979095058
  },
  "state_18": {
    "pH_index": 3,
    "EC_index": 2,
    "best_action": 8,
    "q_values": [
      -363.3655267897243,
      -636.211406993345,
      -1035.4554181748829,
      -545.2275887428935,
      -472.3617751701603,
      -732.9606419849242,
      -835.9069701124247,
      -321.6923299365737,
      -318.12045664601567
    ],
    "max_q": -318.12045664601567
  },
  "state_19": {
    "pH_index": 3,
    "EC_index": 3,
    "best_action": 7,
    "q_values": [
      -456.79667090919514,
      -636.3279981719456,
      -627.1294452566199,
      -777.6232901625874,
      -506.59991615627416,
      -977.5724628138119,
      -1018.8671791162162,
      -445.4227133096687,
      -481.4728613131155
    ],
    "max_q": -445.4227133096687
  },
  "state_20": {
    "pH_index": 3,
    "EC_index": 4,
    "best_action": 2,
    "q_values": [
      -5896.452191022852,
      -5896.46004913644,
      -5896.445742869625,
      -5896.50075235632,
      -5896.560938984281,
      -5896.4531893717085,
      -5896.461136366876,
      -5896.447538656025,
      -5896.448874720497
    ],
    "max_q": -5896.445742869625
  },
  "state_21": {
    "pH_index": 4,
    "EC_index": 0,
    "best_action": 4,
    "q_values": [
      -1387.4153359939376,
      -5198.6727655699115,
      -5148.8649232547905,
      -1457.158966635251,
      -1371.9456705837597,
      -4966.75214378922,
      -5234.889630466332,
      -1384.3728831518024,
      -1384.354658245964
    ],
    "max_q": -1371.9456705837597
  },
  "state_22": {
    "pH_index": 4,
    "EC_index": 1,
    "best_action": 7,