{
  "state_1": {
    "pH_index": 0,
    "EC_index": 0,
    "best_action": 1,
    "q_values": [
      -1418.6520300076024,
      -1365.9826605945948,
      -1417.6046297590597,
      -1417.7647085802503,
      -1418.0964347459847,
      -1416.9853274107363,
      -1418.1183021973636,
      -1418.037632705691,
      -1419.0081740503488
    ],
    "max_q": -1365.9826605945948
  },
  "state_2": {
    "pH_index": 0,
    "EC_index": 1,
    "best_action": 3,
    "q_values": [
      -600.0929349874165,
      -585.4914696636321,
      -578.0161900051446,
      -574.093156305399,
      -588.6254341950438,
      -584.4220333931437,
      -604.4445042105383,
      -603.9100974688399,
      -608.152852624848
    ],
    "max_q": -574.093156305399
  },
  "state_3": {
    "pH_index": 0,
    "EC_index": 2,
    "best_action": 3,
    "q_values": [
      -679.7519927439513,
      -686.6487715851662,
      -674.639883257422,
      -668.4854368796168,
      -685.800670849352,
      -684.1635023005823,
      -684.5283217687744,
      -691.6349581339541,
      -673.6183587557503
    ],
    "max_q": -668.4854368796168
  },
  "state_4": {
    "pH_index": 0,
    "EC_index": 3,
    "best_action": 1,
    "q_values": [
      -597.4098729759021,
      -571.8553521435056,
      -577.2114713160499,
      -579.0155128697668,
      -582.1514316907136,
      -589.2155293119368,
      -587.1453985509103,
      -572.4687174445228,
      -580.0959604584946
    ],
    "max_q": -571.8553521435056
  },
  "state_5": {
    "pH_index": 0,
    "EC_index": 4,
    "best_action": 1,
    "q_values": [
      -1402.83191766487,
      -1336.5563237391011,
      -1402.727398584831,
      -1403.0832349569002,
      -1401.8985642320836,
      -1402.0820198245988,
      -1403.116942964246,
      -1401.9862147531323,
      -1401.8496786942992
    ],
    "max_q": -1336.5563237391011
  },
  "state_6": {
    "pH_index": 1,
    "EC_index": 0,
    "best_action": 5,
    "q_values": [
      -1395.2717782788395,
      -1395.1933658359617,
      -1395.166386895646,
      -1396.2786532603884,
      -1395.3619260756145,
      -1394.8103892293589,
      -1395.7165253383896,
      -1395.1425965563888,
      -1395.1861369766875
    ],
    "max_q": -1394.8103892293589
  },
  "state_7": {
    "pH_index": 1,
    "EC_index": 1,
    "best_action": 7,
    "q_values": [
      -115.84664158556978,
      -120.09910292195212,
      -126.67745591155781,
      -81.86705057563533,
      -134.9697814018537,
      -124.6026725459744,
      -135.32407476485048,
      -76.3467082603435,
      -78.31665938847613
    ],
    "max_q": -76.3467082603435
  },
  "state_8": {
    "pH_index": 1,
    "EC_index": 2,
    "best_action": 4,
    "q_values": [
      -80.66584933151141,
      -6.855397575776746,
      -68.07910961437558,
      -16.655854622054207,
      0.0,
      0.0,
      -69.0312177361562,
      0.0,
      0.0
    ],
    "max_q": 0.0
  },
  "state_9": {
    "pH_index": 1,
    "EC_index": 3,
    "best_action": 8,
    "q_values": [
      -203.82062413080007,
      -194.13284653603108,
      -148.4146821169913,
      -204.9552656931957,
      -149.19106792514944,
      -204.8397420516907,
      -205.7494712237401,
      -148.22014983074922,
      -148.0847687337711
    ],
    "max_q": -148.0847687337711
  },
  "state_10": {
    "pH_index": 1,
    "EC_index": 4,
    "best_action": 0,
    "q_values": [
      -1372.991335441678,
      -1385.0744489487386,
      -1384.987309260601,
      -1385.0157977428078,
      -1384.9819763933924,
      -1385.0196185858508,
      -1385.1260844684605,
      -1385.1627997051726,
      -1385.526143579695
    ],
    "max_q": -1372.991335441678
  },
  "state_11": {
    "pH_index": 2,
    "EC_index": 0,
    "best_action": 1,
    "q_values": [
      -1397.5637971604776,
      -1350.4667937992276,
      -1397.488887446715,
      -1397.5169299058841,
      -1397.3821556223759,
      -1397.5570591702979,
      -1397.3752778958665,
      -1397.6138655729878,
      -1397.6313555883003
    ],
    "max_q": -1350.4667937992276
  },
  "state_12": {
    "pH_index": 2,
    "EC_index": 1,
    "best_action": 3,
    "q_values": [
      -121.46668113386308,
      -137.67942390984558,
      -140.30941331358008,
      -77.56559227431545,
      -81.01094249831618,
      -79.17270360748802,
      -78.7837873611878,
      -103.23392691433133,
      -140.21225671502515
    ],
    "max_q": -77.56559227431545
  },
  "state_13": {
    "pH_index": 2,
    "EC_index": 2,
    "best_action": 0,
    "q_values": [
      0.0,
      0.0,
      0.0,
      0.0,
      0.0,
      0.0,
      0.0,
      0.0,
      0.0
    ],
    "max_q": 0.0
  },
  "state_14": {
    "pH_index": 2,
    "EC_index": 3,
    "best_action": 7,
    "q_values": [
      -88.3676911652996,
      -95.79225018365912,
      -125.29039256396538,
      -117.53636360951316,
      -77.32933998188884,
      -77.63721957370856,
      -75.74366005228063,
      -75.04225057990486,
      -114.94126514237568
    ],
    "max_q": -75.04225057990486
  },
  "state_15": {
    "pH_index": 2,
    "EC_index": 4,
    "best_action": 3,
    "q_values": [
      -1392.0159055792726,
      -1391.9586488590703,
      -1392.0212813702224,
      -1391.909984012471,
      -1391.9306830839876,
      -1391.970258012352,
      -1391.9620837831321,
      -1391.9840678488306,
      -1391.9811310227371
    ],
    "max_q": -1391.909984012471
  },
  "state_16": {
    "pH_index": 3,
    "EC_index": 0,
    "best_action": 7,
    "q_values": [
      -1394.5278687959114,
      -1394.5760440751683,
      -1395.2297424750732,
      -1394.7351798331645,
      -1394.808292648885,
      -1394.6542034224615,
      -1394.4982492323295,
      -1394.4963336729857,
      -1394.6638322357737
    ],
    "max_q": -1394.4963336729857
  },
  "state_17": {
    "pH_index": 3,
    "EC_index": 1,
    "best_action": 4,
    "q_values": [
      -110.72157373564114,
      -115.58627969192688,
      -118.89249364315191,
      -122.39670009954148,
      -73.44265994697696,
      -73.46677061865195,
      -81.18526153987474,
      -103.11013868700236,
      -76.78936417295363
    ],
    "max_q": -73.44265994697696
  },
  "state_18": {
    "pH_index": 3,
    "EC_index": 2,
    "best_action": 8,
    "q_values": [
      -71.04037844121207,
      -73.57489058570314,
      -73.46977032894455,
      -80.60639541868974,
      -76.65371657186573,
      -75.76948675889173,
      -95.89232386543974,
      -75.25960082144887,
      -39.99036657886139
    ],
    "max_q": -39.99036657886139
  },
  "state_19": {
    "pH_index": 3,
    "EC_index": 3,
    "best_action": 5,
    "q_values": [
      -62.718615938011986,
      -60.63358578469983,
      -78.34492550847645,
      -72.46217484011211,
      -74.81477464445292,
      -25.290957520012753,
      -72.61276663019373,
      -72.5860505749753,
      -69.37824947569605
    ],
    "max_q": -25.290957520012753
  },
  "state_20": {
    "pH_index": 3,
    "EC_index": 4,
    "best_action": 8,
    "q_values": [
      -1390.1278671798443,
      -1390.0401285445632,
      -1390.1178748448797,
      -1390.1732878477264,
      -1389.9978588954136,
      -1390.211731908553,
      -1390.0007563954334,
      -1390.0426421904767,
      -1389.9597459934841
    ],
    "max_q": -1389.9597459934841
  },
  "state_21": {
    "pH_index": 4,
    "EC_index": 0,
    "best_action": 3,
    "q_values": [
      -1478.0677101651402,
      -1477.023462720307,
      -1476.730236970319,
      -1470.6428628061262,
      -1476.9045535766159,
      -1476.9364758738022,
      -1477.7101366002978,
      -1476.7072425132972,
      -1478.2681038667506
    ],
    "max_q": -1470.6428628061262
  },
  "state_22": {
    "pH_index": 4,
    "EC_index": 1,
    "best_action": 3,
    "q_values": [
      -648.3937819428746,
      -632.1757519197175,
      -641.8583888022024,
      -615.822804094328,
      -620.8250558937378,
      -648.5006312159685,
      -656.2556939076619,
      -634.3134060639618,
      -642.7877721621768
    ],