{
  "state_1": {
    "pH_index": 0,
    "EC_index": 0,
    "best_action": 2,
    "q_values": [
      -801.4815119733112,
      -822.8028817787542,
      -796.0498702652502,
      -803.3292483348906,
      -803.1843651066717,
      -820.9244678437412,
      -855.9310601017155,
      -801.2102245029562,
      -801.3601218938527
    ],
    "max_q": -796.0498702652502
  },
  "state_2": {
    "pH_index": 0,
    "EC_index": 1,
    "best_action": 8,
    "q_values": [
      -771.1248427320579,
      -771.2012807374523,
      -771.0093682589836,
      -770.9133405273902,
      -770.8560966868844,
      -771.1672186774229,
      -771.2841114436617,
      -770.9706863634505,
      -770.7056174200512
    ],
    "max_q": -770.7056174200512
  },
  "state_3": {
    "pH_index": 0,
    "EC_index": 2,
    "best_action": 1,
    "q_values": [
      -763.6664826591788,
      -763.3757503586972,
      -763.5469958268251,
      -763.8201638419742,
      -763.54757957497,
      -763.7140338813784,
      -763.417837442784,
      -763.5060133447492,
      -763.9716282685259
    ],
    "max_q": -763.3757503586972
  },
  "state_4": {
    "pH_index": 0,
    "EC_index": 3,
    "best_action": 0,
    "q_values": [
      -769.0298570529396,
      -769.4994163165992,
      -769.064701172296,
      -769.3254831528621,
      -769.2350895954144,
      -769.4481572432296,
      -769.4675141186119,
      -769.1079688552796,
      -769.511296164606
    ],
    "max_q": -769.0298570529396
  },
  "state_5": {
    "pH_index": 0,
    "EC_index": 4,
    "best_action": 2,
    "q_values": [
      -865.2372724951019,
      -854.4445237816636,
      -817.3288459905459,
      -863.2435470444849,
      -861.561577479507,
      -863.5035811336056,
      -866.8623125675086,
      -861.4158138248431,
      -860.3259468960301
    ],
    "max_q": -817.3288459905459
  },
  "state_6": {
    "pH_index": 1,
    "EC_index": 0,
    "best_action": 8,
    "q_values": [
      -683.1646861413049,
      -709.805511384612,
      -685.5802292655869,
      -683.3652062350911,
      -739.3776405689566,
      -683.4579579569959,
      -764.4726980351707,
      -683.1657694194153,
      -683.164480521936
    ],
    "max_q": -683.164480521936
  },
  "state_7": {
    "pH_index": 1,
    "EC_index": 1,
    "best_action": 0,
    "q_values": [
      -496.7175658417986,
      -498.12640911239737,
      -497.6210160773519,
      -496.91150824114976,
      -498.06982727428476,
      -497.68998338198213,
      -498.9397582575401,
      -497.242870347826,
      -497.66736031186736
    ],
    "max_q": -496.7175658417986
  },
  "state_8": {
    "pH_index": 1,
    "EC_index": 2,
    "best_action": 0,
    "q_values": [
      -467.89568918452767,
      -468.2072316785004,
      -469.8333183414307,
      -469.22911010601456,
      -468.85953180705684,
      -468.1184436250049,
      -467.8961892833966,
      -467.99521058541546,
      -469.8175662383702
    ],
    "max_q": -467.89568918452767
  },
  "state_9": {
    "pH_index": 1,
    "EC_index": 3,
    "best_action": 1,
    "q_values": [
      -442.2792894046128,
      -440.5039890542244,
      -441.14409544260576,
      -441.38239790446767,
      -443.67456261913964,
      -441.6154595611471,
      -440.84616759001875,
      -442.37756028774953,
      -442.3299654821593
    ],
    "max_q": -440.5039890542244
  },
  "state_10": {
    "pH_index": 1,
    "EC_index": 4,
    "best_action": 2,
    "q_values": [
      -784.0047169581342,
      -783.994734358456,
      -779.2079878966989,
      -789.392337446808,
      -818.6426435664521,
      -784.0356718756525,
      -784.807781577957,
      -783.8257938438404,
      -783.985073039096
    ],
    "max_q": -779.2079878966989
  },
  "state_11": {
    "pH_index": 2,
    "EC_index": 0,
    "best_action": 0,
    "q_values": [
      -671.5413918738169,
      -726.7675344290058,
      -709.6017604370783,
      -677.1062270597585,
      -671.6093265188898,
      -704.8558628373233,
      -758.5584574517235,
      -671.5427852646045,
      -671.5418189050532
    ],
    "max_q": -671.5413918738169
  },
  "state_12": {
    "pH_index": 2,
    "EC_index": 1,
    "best_action": 0,
    "q_values": [
      -577.7536089788038,
      -606.24070364131,
      -615.1064223327419,
      -593.3141459798131,
      -596.4206984354806,
      -602.4410597157434,
      -621.0401201359742,
      -584.426551305957,
      -580.3872573482034
    ],
    "max_q": -577.7536089788038
  },
  "state_13": {
    "pH_index": 2,
    "EC_index": 2,
    "best_action": 0,
    "q_values": [
      0.0,
      0.0,
      0.0,
      0.0,
      0.0,
      0.0,
      0.0,
      0.0,
      0.0
    ],
    "max_q": 0.0
  },
  "state_14": {
    "pH_index": 2,
    "EC_index": 3,
    "best_action": 0,
    "q_values": [
      -594.1964959179135,
      -618.2973523388943,
      -617.2607006884577,
      -617.3749325842624,
      -621.9071652326976,
      -623.0026162626631,
      -626.0782444032328,
      -611.7966787075646,
      -613.8938785421614
    ],
    "max_q": -594.1964959179135
  },
  "state_15": {
    "pH_index": 2,
    "EC_index": 4,
    "best_action": 7,
    "q_values": [
      -780.6308851648502,
      -781.0396686176123,
      -782.3777429822718,
      -781.1652194464014,
      -784.2025078573462,
      -780.8188660268542,
      -780.7666694560107,
      -754.2092734475466,
      -780.884811287868
    ],
    "max_q": -754.2092734475466
  },
  "state_16": {
    "pH_index": 3,
    "EC_index": 0,
    "best_action": 4,
    "q_values": [
      -674.4133864821091,
      -754.284689111361,
      -745.0985160223918,
      -674.4589745006023,
      -674.1599094975007,
      -726.8523339004333,
      -777.4627069727209,
      -674.4141816990939,
      -674.4151807340445
    ],
    "max_q": -674.1599094975007
  },
  "state_17": {
    "pH_index": 3,
    "EC_index": 1,
    "best_action": 0,
    "q_values": [
      -664.6764750884607,
      -666.1113167181859,
      -666.3009922149824,
      -665.436606105627,
      -665.1374650320945,
      -665.381382343043,
      -665.558385495965,
      -665.111608129508,
      -665.0103470862191
    ],
    "max_q": -664.6764750884607
  },
  "state_18": {
    "pH_index": 3,
    "EC_index": 2,
    "best_action": 7,
    "q_values": [
      -673.7165348558249,
      -674.1849995769533,
      -673.7586992079711,
      -673.6531844137709,
      -673.6323665917365,
      -673.7071640662633,
      -673.8096581264552,
      -673.3779027020806,
      -673.6685877657671
    ],
    "max_q": -673.3779027020806
  },
  "state_19": {
    "pH_index": 3,
    "EC_index": 3,
    "best_action": 7,
    "q_values": [
      -678.2515167300049,
      -678.6802271971387,
      -679.1431423372286,
      -678.4976966510905,
      -678.5502344968444,
      -678.3219095817742,
      -678.1979344247575,
      -678.1642130604431,
      -678.2091598939334
    ],
    "max_q": -678.1642130604431
  },
  "state_20": {
    "pH_index": 3,
    "EC_index": 4,
    "best_action": 7,
    "q_values": [
      -781.2371163016044,
      -784.4862292469707,
      -797.2735636507136,
      -780.2232380704521,
      -780.9040996850858,
      -781.6196168857807,
      -781.9259888600366,
      -773.1183832503261,
      -781.1591353332165
    ],
    "max_q": -773.1183832503261
  },
  "state_21": {
    "pH_index": 4,
    "EC_index": 0,
    "best_action": 4,
    "q_values": [
      -709.4567675767105,
      -771.5868373690842,
      -755.7338450478542,
      -709.5637949746375,
      -709.384950427392,
      -767.2148721184968,
      -804.6423976287184,
      -709.4755360400923,
      -709.4760769937595
    ],
    "max_q": -709.384950427392
  },
  "state_22": {
    "pH_index": 4,
    "EC_index": 1,
    "best_action": 0,
    "q_values": [
      -699.9999291109772,
      -700.3298000375323,
      -700.8525482566786,
      -700.4940300174608,
      -700.131920216901,
      -700.235082199653,
      -701.0425679142837,
      -700.0060238846307,
      -700.2010494879459
    ],
    "max_q": -699.9999291109772
  },