{
  "state_1": {
    "pH_index": 0,
    "EC_index": 0,
    "best_action": 2,
    "q_values": [
      -756.7958431411485,
      -743.1076486522628,
      -625.7624968974272,
      -761.4293389894253,
      -757.676841959529,
      -754.5536174249773,
      -757.2237217220074,
      -758.2225576311312,
      -757.4244921652578
    ],
    "max_q": -625.7624968974272
  },
  "state_2": {
    "pH_index": 0,
    "EC_index": 1,
    "best_action": 1,
    "q_values": [
      -578.6535075843674,
      -577.3704970437116,
      -578.154275362626,
      -577.7799435262322,
      -578.5150300857271,
      -579.987772025709,
      -578.167336774978,
      -580.3069186342733,
      -577.8734139011584
    ],
    "max_q": -577.3704970437116
  },
  "state_3": {
    "pH_index": 0,
    "EC_index": 2,
    "best_action": 4,
    "q_values": [
      -538.9274138701929,
      -538.1079578819448,
      -538.1330509265689,
      -541.0040905909634,
      -537.8216125604218,
      -538.1325556969592,
      -538.2252770937105,
      -540.0095148788264,
      -541.1161002663122
    ],
    "max_q": -537.8216125604218
  },
  "state_4": {
    "pH_index": 0,
    "EC_index": 3,
    "best_action": 5,
    "q_values": [
      -528.9255783509104,
      -531.1120242342828,
      -528.9617761919934,
      -531.079906667289,
      -530.9313143193016,
      -528.6164434858439,
      -530.5286579303503,
      -530.5906707203187,
      -528.6842329660245
    ],
    "max_q": -528.6164434858439
  },
  "state_5": {
    "pH_index": 0,
    "EC_index": 4,
    "best_action": 2,
    "q_values": [
      -779.1748297778261,
      -777.73659610662,
      -583.965977929824,
      -777.7223314992859,
      -775.4629197907143,
      -778.0394830700042,
      -778.7796518477459,
      -771.4198068119994,
      -772.4562908213886
    ],
    "max_q": -583.965977929824
  },
  "state_6": {
    "pH_index": 1,
    "EC_index": 0,
    "best_action": 6,
    "q_values": [
      -714.2511605166981,
      -703.3517790595575,
      -706.2276398035866,
      -713.9826946639615,
      -713.9598717414427,
      -703.1835467422244,
      -656.7555569872151,
      -714.7736045862629,
      -704.4455848436562
    ],
    "max_q": -656.7555569872151
  },
  "state_7": {
    "pH_index": 1,
    "EC_index": 1,
    "best_action": 2,
    "q_values": [
      -560.690234255819,
      -558.7483406551273,
      -502.95349992861264,
      -564.1320718544171,
      -560.1813675361257,
      -563.3224751746375,
      -566.466482227611,
      -562.4054053538875,
      -559.1996557130558
    ],
    "max_q": -502.95349992861264
  },
  "state_8": {
    "pH_index": 1,
    "EC_index": 2,
    "best_action": 2,
    "q_values": [
      -533.6449110784147,
      -535.5939117717438,
      -481.02008679101584,
      -535.455221151982,
      -540.7452738486048,
      -540.741103408206,
      -541.3115283860495,
      -541.9145191675499,
      -539.1335633293517
    ],
    "max_q": -481.02008679101584
  },
  "state_9": {
    "pH_index": 1,
    "EC_index": 3,
    "best_action": 2,
    "q_values": [
      -543.935234018291,
      -543.1232526094121,
      -525.8219646577844,
      -543.1312005508566,
      -543.6208515674612,
      -543.8308008992237,
      -542.3095955281279,
      -543.3134523991527,
      -544.1328529841323
    ],
    "max_q": -525.8219646577844
  },
  "state_10": {
    "pH_index": 1,
    "EC_index": 4,
    "best_action": 2,
    "q_values": [
      -718.8691068079136,
      -706.8806066901964,
      -533.4744496088593,
      -706.8597489100949,
      -726.0984157155727,
      -714.3346943179805,
      -722.4880564032101,
      -717.67145694573,
      -719.6889472874981
    ],
    "max_q": -533.4744496088593
  },
  "state_11": {
    "pH_index": 2,
    "EC_index": 0,
    "best_action": 6,
    "q_values": [
      -681.0326287193841,
      -668.0986918844737,
      -690.607542108993,
      -691.9191066349101,
      -698.5697566910413,
      -692.7440674521316,
      -528.1857139759835,
      -675.5729644454598,
      -675.5452681825684
    ],
    "max_q": -528.1857139759835
  },
  "state_12": {
    "pH_index": 2,
    "EC_index": 1,
    "best_action": 6,
    "q_values": [
      -565.1386301448528,
      -564.8157395071732,
      -558.5676566153102,
      -574.9054988963948,
      -562.6575048463332,
      -546.0777057036012,
      -511.9706648811783,
      -555.7393482252196,
      -555.249157298163
    ],
    "max_q": -511.9706648811783
  },
  "state_13": {
    "pH_index": 2,
    "EC_index": 2,
    "best_action": 0,
    "q_values": [
      0.0,
      0.0,
      0.0,
      0.0,
      0.0,
      0.0,
      0.0,
      0.0,
      0.0
    ],
    "max_q": 0.0
  },
  "state_14": {
    "pH_index": 2,
    "EC_index": 3,
    "best_action": 8,
    "q_values": [
      -566.2350227711577,
      -550.635787165599,
      -557.6215507305934,
      -561.2837384579708,
      -575.577972166569,
      -556.9287474352392,
      -557.5822449849964,
      -559.5316878583255,
      -527.1177016840536
    ],
    "max_q": -527.1177016840536
  },
  "state_15": {
    "pH_index": 2,
    "EC_index": 4,
    "best_action": 8,
    "q_values": [
      -670.890365313664,
      -660.0462152805532,
      -672.0532328068978,
      -676.5754062259051,
      -653.2154624194293,
      -674.7442974414245,
      -678.5618013649031,
      -649.9688287157627,
      -552.5112407070524
    ],
    "max_q": -552.5112407070524
  },
  "state_16": {
    "pH_index": 3,
    "EC_index": 0,
    "best_action": 3,
    "q_values": [
      -717.7836491945317,
      -716.835186618464,
      -717.6216995483835,
      -546.1672717035464,
      -712.4980784565386,
      -717.6121681506571,
      -716.9779127385251,
      -713.8649830475626,
      -714.120059348286
    ],
    "max_q": -546.1672717035464
  },
  "state_17": {
    "pH_index": 3,
    "EC_index": 1,
    "best_action": 4,
    "q_values": [
      -514.2901928926035,
      -519.6284648447336,
      -519.3608514046722,
      -513.2957405609809,
      -504.8736746327451,
      -514.2079513627117,
      -519.6353171232528,
      -514.401343394304,
      -512.5458461673172
    ],
    "max_q": -504.8736746327451
  },
  "state_18": {
    "pH_index": 3,
    "EC_index": 2,
    "best_action": 4,
    "q_values": [
      -509.7651389725468,
      -511.9177204968472,
      -510.0634174210918,
      -511.5008248733775,
      -481.5721255885712,
      -511.32234328353405,
      -509.8888742708907,
      -509.8548682307542,
      -510.4286464797908
    ],
    "max_q": -481.5721255885712
  },
  "state_19": {
    "pH_index": 3,
    "EC_index": 3,
    "best_action": 8,
    "q_values": [
      -521.1753347510992,
      -522.0883642380783,
      -519.5736058455223,
      -520.2351810431071,
      -519.5716098216167,
      -520.8833120560505,
      -520.5807047355928,
      -521.1285880873636,
      -519.5507473981869
    ],
    "max_q": -519.5507473981869
  },
  "state_20": {
    "pH_index": 3,
    "EC_index": 4,
    "best_action": 4,
    "q_values": [
      -712.9871314551455,
      -709.4048988701829,
      -712.824232686897,
      -713.0187451861358,
      -562.0157798678865,
      -712.356563333544,
      -709.8609740280101,
      -712.0214216415311,
      -713.2574472147587
    ],
    "max_q": -562.0157798678865
  },
  "state_21": {
    "pH_index": 4,
    "EC_index": 0,
    "best_action": 4,
    "q_values": [
      -717.3152491479844,
      -717.1502755651718,
      -720.4810271970819,
      -720.5089137966518,
      -571.5522647453665,
      -715.9766904203017,
      -720.061146576759,
      -718.5421606145128,
      -715.6507738385505
    ],
    "max_q": -571.5522647453665
  },
  "state_22": {
    "pH_index": 4,
    "EC_index": 1,
    "best_action": 1,
    "q_values": [
      -558.7703034293626,
      -557.4443153209373,
      -558.3223253609004,
      -558.608818006682,
      -557.6486059688743,
      -559.5567566288311,
      -559.7672268764582,
      -557.6028896888985,
      -557.5554158179574
    ],
    "max_q": -557.4443153209373
  },