{
  "state_1": {
    "pH_index": 0,
    "EC_index": 0,
    "best_action": 2,
    "q_values": [
      -1459.26424662824,
      -1459.208238661605,
      -1451.8557686193285,
      -1459.3609341741642,
      -1459.0689711140594,
      -1459.6426974855037,
      -1459.03018851453,
      -1459.5533534799322,
      -1460.010950510431
    ],
    "max_q": -1451.8557686193285
  },
  "state_2": {
    "pH_index": 0,
    "EC_index": 1,
    "best_action": 0,
    "q_values": [
      -900.913457051872,
      -902.5361137069706,
      -912.3814507386151,
      -907.3574901169286,
      -902.2555295617497,
      -909.3461984274451,
      -909.0495469864711,
      -905.2948710803852,
      -912.2803333190697
    ],
    "max_q": -900.913457051872
  },
  "state_3": {
    "pH_index": 0,
    "EC_index": 2,
    "best_action": 1,
    "q_values": [
      -901.7395693998916,
      -893.9157851425238,
      -903.6728243199633,
      -902.6327003705096,
      -902.1315871981618,
      -904.3683552459744,
      -896.6183781832935,
      -905.3267653792932,
      -899.9289844933481
    ],
    "max_q": -893.9157851425238
  },
  "state_4": {
    "pH_index": 0,
    "EC_index": 3,
    "best_action": 2,
    "q_values": [
      -882.4045277436318,
      -888.6197281527658,
      -874.3318505577533,
      -884.2092462854096,
      -883.5974729365721,
      -876.3973821189446,
      -874.6898438309948,
      -879.5979288004129,
      -878.9526189702378
    ],
    "max_q": -874.3318505577533
  },
  "state_5": {
    "pH_index": 0,
    "EC_index": 4,
    "best_action": 1,
    "q_values": [
      -1466.8609126000376,
      -1389.3894549646186,
      -1458.3275948115838,
      -1466.3770368200503,
      -1468.8066860827605,
      -1466.0160564152582,
      -1466.2651063271626,
      -1466.2655699907625,
      -1466.1690767854466
    ],
    "max_q": -1389.3894549646186
  },
  "state_6": {
    "pH_index": 1,
    "EC_index": 0,
    "best_action": 2,
    "q_values": [
      -1442.9365932960452,
      -1423.9138460479398,
      -1408.7653283260254,
      -1443.3724386291497,
      -1443.7906742350228,
      -1441.6154879696448,
      -1444.6449844160566,
      -1441.8717623877299,
      -1441.0849467071137
    ],
    "max_q": -1408.7653283260254
  },
  "state_7": {
    "pH_index": 1,
    "EC_index": 1,
    "best_action": 0,
    "q_values": [
      -215.7615272310333,
      -244.22432433648908,
      -247.29539037895194,
      -246.70018897430222,
      -259.49452417548156,
      -247.65566216832843,
      -215.8931185995287,
      -246.61630271610875,
      -247.36443709847876
    ],
    "max_q": -215.7615272310333
  },
  "state_8": {
    "pH_index": 1,
    "EC_index": 2,
    "best_action": 5,
    "q_values": [
      -254.61714689229467,
      -268.49962590007124,
      -265.2007751023774,
      -253.58696917787466,
      -266.2593060457772,
      -226.8868398669629,
      -261.4815486687014,
      -253.68835819567323,
      -260.2601762620084
    ],
    "max_q": -226.8868398669629
  },
  "state_9": {
    "pH_index": 1,
    "EC_index": 3,
    "best_action": 3,
    "q_values": [
      -286.69391127995544,
      -271.69167459587675,
      -281.99332498707116,
      -268.4121686943169,
      -289.29842813899506,
      -271.9431745270184,
      -289.78909415358123,
      -271.4568440396085,
      -270.85542313032965
    ],
    "max_q": -268.4121686943169
  },
  "state_10": {
    "pH_index": 1,
    "EC_index": 4,
    "best_action": 2,
    "q_values": [
      -1435.1968255267336,
      -1435.2817635177732,
      -1430.2262687948005,
      -1436.0745738716662,
      -1435.3113877143937,
      -1434.9553974755283,
      -1436.5488849732799,
      -1435.4009771758301,
      -1435.2951422123815
    ],
    "max_q": -1430.2262687948005
  },
  "state_11": {
    "pH_index": 2,
    "EC_index": 0,
    "best_action": 5,
    "q_values": [
      -1430.0888135374823,
      -1428.0401996535975,
      -1420.9434644620385,
      -1429.3836398073454,
      -1418.414076206051,
      -1407.6418636747992,
      -1434.4628579733592,
      -1427.5653618298154,
      -1426.517955047123
    ],
    "max_q": -1407.6418636747992
  },
  "state_12": {
    "pH_index": 2,
    "EC_index": 1,
    "best_action": 8,
    "q_values": [
      -687.0009512311632,
      -695.9462300587189,
      -682.2288068945523,
      -695.5601297864972,
      -698.887141193522,
      -682.4562846595238,
      -682.4514796860025,
      -681.157224952393,
      -680.9147448439869
    ],
    "max_q": -680.9147448439869
  },
  "state_13": {
    "pH_index": 2,
    "EC_index": 2,
    "best_action": 0,
    "q_values": [
      0.0,
      0.0,
      0.0,
      0.0,
      0.0,
      0.0,
      0.0,
      0.0,
      0.0
    ],
    "max_q": 0.0
  },
  "state_14": {
    "pH_index": 2,
    "EC_index": 3,
    "best_action": 8,
    "q_values": [
      -724.2775999922856,
      -712.774391007561,
      -712.9938579735406,
      -713.4394857331571,
      -713.0955754142796,
      -712.934675866772,
      -713.131085633098,
      -712.1445924295322,
      -712.1191705235645
    ],
    "max_q": -712.1191705235645
  },
  "state_15": {
    "pH_index": 2,
    "EC_index": 4,
    "best_action": 7,
    "q_values": [
      -1443.3702813257842,
      -1423.073751673138,
      -1443.0715115861444,
      -1444.8943196001042,
      -1443.0167380452315,
      -1444.3982783445601,
      -1444.5013544207252,
      -1417.216365326632,
      -1441.214679775194
    ],
    "max_q": -1417.216365326632
  },
  "state_16": {
    "pH_index": 3,
    "EC_index": 0,
    "best_action": 3,
    "q_values": [
      -1449.5049008814503,
      -1449.851011342225,
      -1452.0909480072592,
      -1440.1115142781143,
      -1449.511540540787,
      -1449.5495867551433,
      -1449.4746797132989,
      -1449.6070800090604,
      -1449.5077907560174
    ],
    "max_q": -1440.1115142781143
  },
  "state_17": {
    "pH_index": 3,
    "EC_index": 1,
    "best_action": 1,
    "q_values": [
      -132.92244957441824,
      -90.4253633235109,
      -164.66480707392765,
      -146.10351161976087,
      -90.51566178129414,
      -154.97263564795463,
      -157.0429586062991,
      -157.21226829524835,
      -158.75075043849995
    ],
    "max_q": -90.4253633235109
  },
  "state_18": {
    "pH_index": 3,
    "EC_index": 2,
    "best_action": 0,
    "q_values": [
      -86.90195059350546,
      -109.86188951263532,
      -90.49578067475952,
      -89.5195581799089,
      -148.22618892386038,
      -139.34397816968632,
      -113.60890944716132,
      -148.7840067510948,
      -150.71714597814423
    ],
    "max_q": -86.90195059350546
  },
  "state_19": {
    "pH_index": 3,
    "EC_index": 3,
    "best_action": 8,
    "q_values": [
      -84.26340531559906,
      -85.42910324903957,
      -89.28672727530439,
      -44.372763072278616,
      -77.79742894656833,
      -74.73150763332465,
      -76.49669284401719,
      -66.76611251253634,
      0.0
    ],
    "max_q": 0.0
  },
  "state_20": {
    "pH_index": 3,
    "EC_index": 4,
    "best_action": 3,
    "q_values": [
      -1444.6644267892673,
      -1446.1565306965704,
      -1446.825958506036,
      -1443.7210383905215,
      -1444.906373580262,
      -1444.4521075026,
      -1444.6121195549947,
      -1444.5121407831168,
      -1444.6928367408502
    ],
    "max_q": -1443.7210383905215
  },
  "state_21": {
    "pH_index": 4,
    "EC_index": 0,
    "best_action": 6,
    "q_values": [
      -1567.8228725302852,
      -1567.9545657951355,
      -1567.7910748309198,
      -1568.2275430558873,
      -1568.5932598317572,
      -1568.7310510016857,
      -1544.8818353911215,
      -1568.3644079974852,
      -1567.7554370723583
    ],
    "max_q": -1544.8818353911215
  },
  "state_22": {
    "pH_index": 4,
    "EC_index": 1,
    "best_action": 4,