{
  "state_1": {
    "pH_index": 0,
    "EC_index": 0,
    "best_action": 2,
    "q_values": [
      -620.0138072500703,
      -593.7967694620861,
      611.5322284505313,
      -628.8152290951753,
      -623.600405522829,
      -624.5347062077531,
      -621.6359820762844,
      -633.0417002195876,
      -627.6622540838257
    ],
    "max_q": 611.5322284505313
  },
  "state_2": {
    "pH_index": 0,
    "EC_index": 1,
    "best_action": 1,
    "q_values": [
      -436.6249273009255,
      780.0902150438296,
      -378.1601191265364,
      -383.65904375971735,
      -400.1486103178179,
      -405.44593642902515,
      -414.65513956691933,
      -427.4040893013821,
      -446.0348409871224
    ],
    "max_q": 780.0902150438296
  },
  "state_3": {
    "pH_index": 0,
    "EC_index": 2,
    "best_action": 1,
    "q_values": [
      -423.247432566591,
      825.7108539742491,
      -384.086380749091,
      -414.1142909374618,
      -412.2086892356297,
      -389.854237277527,
      -400.54894900985505,
      -425.2641657717881,
      -434.09564989114244
    ],
    "max_q": 825.7108539742491
  },
  "state_4": {
    "pH_index": 0,
    "EC_index": 3,
    "best_action": 1,
    "q_values": [
      -397.0075932218617,
      895.7724748776533,
      -356.3788139914772,
      -384.75684293276794,
      -405.237712444461,
      -391.9593574484576,
      -413.20029705919956,
      -426.0415784187954,
      -431.20576647214267
    ],
    "max_q": 895.7724748776533
  },
  "state_5": {
    "pH_index": 0,
    "EC_index": 4,
    "best_action": 2,
    "q_values": [
      -636.8900660901065,
      -629.7665440240085,
      738.5026197233133,
      -660.8011044397484,
      -661.8088622833191,
      -652.4205554793497,
      -650.5457393125232,
      -660.3452762815064,
      -662.6472712294419
    ],
    "max_q": 738.5026197233133
  },
  "state_6": {
    "pH_index": 1,
    "EC_index": 0,
    "best_action": 2,
    "q_values": [
      18.704646609238868,
      115.41460451416533,
      1232.534401540094,
      7.4232860416551505,
      -4.624222015904666,
      -13.622930407184937,
      -112.71647789019646,
      -13.476712414624195,
      10.788377444695527
    ],
    "max_q": 1232.534401540094
  },
  "state_7": {
    "pH_index": 1,
    "EC_index": 1,
    "best_action": 1,
    "q_values": [
      108.48750301548898,
      6158.315974948796,
      -57.23918621512381,
      -57.52284815802253,
      -67.7057439818015,
      -24.868482466593115,
      -71.81776099658418,
      -68.19414540351197,
      -47.654012684884556
    ],
    "max_q": 6158.315974948796
  },
  "state_8": {
    "pH_index": 1,
    "EC_index": 2,
    "best_action": 1,
    "q_values": [
      -43.08740767373757,
      5642.90709599795,
      -62.408301892580305,
      -84.34709578773793,
      -70.9804548896446,
      -75.9537328768721,
      -68.48736756428654,
      -112.25791428649916,
      -36.65780164364509
    ],
    "max_q": 5642.90709599795
  },
  "state_9": {
    "pH_index": 1,
    "EC_index": 3,
    "best_action": 1,
    "q_values": [
      -22.30113115452881,
      5444.486468883601,
      -83.27300464370757,
      -51.834090877502824,
      -81.70794658013719,
      -47.836149570028006,
      -63.009334920727404,
      -65.71248060073486,
      -36.832008484793434
    ],
    "max_q": 5444.486468883601
  },
  "state_10": {
    "pH_index": 1,
    "EC_index": 4,
    "best_action": 8,
    "q_values": [
      -253.90504544744513,
      -254.5727088498579,
      -382.78532230613723,
      -330.2932404569385,
      -312.5917176511765,
      -330.1577917358102,
      -335.1613297696225,
      -241.02564191282107,
      1045.706501386449
    ],
    "max_q": 1045.706501386449
  },
  "state_11": {
    "pH_index": 2,
    "EC_index": 0,
    "best_action": 5,
    "q_values": [
      671.5476704196552,
      667.9593132445764,
      701.260766197395,
      675.6750588384903,
      684.4336592766036,
      1290.309795181563,
      375.0379452625458,
      593.3662340023832,
      594.1399695336545
    ],
    "max_q": 1290.309795181563
  },
  "state_12": {
    "pH_index": 2,
    "EC_index": 1,
    "best_action": 0,
    "q_values": [
      7164.358585864815,
      4833.998171729899,
      -18.777336113844825,
      1.0958876760570915,
      106.40569455076395,
      33.214781074297264,
      -9.66682157303054,
      156.51710651151694,
      147.24716026870615
    ],
    "max_q": 7164.358585864815
  },
  "state_13": {
    "pH_index": 2,
    "EC_index": 2,
    "best_action": 0,
    "q_values": [
      0.0,
      0.0,
      0.0,
      0.0,
      0.0,
      0.0,
      0.0,
      0.0,
      0.0
    ],
    "max_q": 0.0
  },
  "state_14": {
    "pH_index": 2,
    "EC_index": 3,
    "best_action": 0,
    "q_values": [
      7259.234191701968,
      6002.142543997473,
      17.316310306911067,
      75.77340761341674,
      48.28389328944619,
      69.70482686938217,
      51.75424162116799,
      188.15235954494347,
      182.67774788588855
    ],
    "max_q": 7259.234191701968
  },
  "state_15": {
    "pH_index": 2,
    "EC_index": 4,
    "best_action": 7,
    "q_values": [
      221.52040593778716,
      560.8964354012688,
      249.3178855360169,
      260.47255734305963,
      277.20824073041945,
      305.4822747826848,
      259.73250707079575,
      1132.3722115306084,
      338.8663921215812
    ],
    "max_q": 1132.3722115306084
  },
  "state_16": {
    "pH_index": 3,
    "EC_index": 0,
    "best_action": 3,
    "q_values": [
      -432.79913384785687,
      -460.96404356720586,
      -526.5072268367013,
      552.3717940777248,
      -383.62350095593604,
      -436.56119160917393,
      -482.96419667805515,
      -418.99453500765776,
      -407.4057024664512
    ],
    "max_q": 552.3717940777248
  },
  "state_17": {
    "pH_index": 3,
    "EC_index": 1,
    "best_action": 7,
    "q_values": [
      -67.58086639669709,
      -67.49365591181699,
      -67.77444509445743,
      -67.62124895143076,
      -67.96040595941061,
      -69.20664902034845,
      -68.02056440169457,
      -44.13213782580972,
      -122.14658616579186
    ],
    "max_q": -44.13213782580972
  },
  "state_18": {
    "pH_index": 3,
    "EC_index": 2,
    "best_action": 0,
    "q_values": [
      -42.02303720218238,
      -82.50771155637399,
      -86.97233199795032,
      -83.22000154182989,
      -83.4530932001183,
      -83.43143113533648,
      -77.64470706717564,
      -81.53502997384433,
      -81.84045995327293
    ],
    "max_q": -42.02303720218238
  },
  "state_19": {
    "pH_index": 3,
    "EC_index": 3,
    "best_action": 1,
    "q_values": [
      -83.91190436282702,
      -81.96412875815136,
      -84.1468574071996,
      -83.92043918874596,
      -83.68178120088454,
      -83.90973157961447,
      -83.7940420176402,
      -92.29069913485536,
      -95.11154876230927
    ],
    "max_q": -81.96412875815136
  },
  "state_20": {
    "pH_index": 3,
    "EC_index": 4,
    "best_action": 8,
    "q_values": [
      -603.88980725812,
      -672.7311450777245,
      -717.3783232371118,
      -628.3038083042601,
      -604.8763105587703,
      -614.3220473701194,
      -615.4975205073168,
      -568.8310924301506,
      347.3257779767583
    ],
    "max_q": 347.3257779767583
  },
  "state_21": {
    "pH_index": 4,
    "EC_index": 0,
    "best_action": 3,
    "q_values": [
      -822.0619513572716,
      -822.8075467411404,
      -824.1890259898821,
      -336.48067653880713,
      -811.5098720467995,
      -821.125845070921,
      -813.3700649095443,
      -818.3224608403779,
      -823.3198629722359
    ],
    "max_q": -336.48067653880713
  },
  "state_22": {
    "pH_index": 4,
    "EC_index": 1,
    "best_action": 3,
    "q_values": [
      -664.7306643940434,
      -661.184838688981,
      -656.8434546053243,
      -137.6316099303707,
      -637.7690736250698,
      -662.4586939314327,
      -643.1493026627915,
      -670.3683382968034,
      -666.7060615205767
    ],
    "max_q": -137.6316099303707
  },