{
  "state_1": {
    "pH_index": 0,
    "EC_index": 0,
    "best_action": 0,
    "q_values": [
      -4258.554549756634,
      -4258.71762660248,
      -4258.590102471963,
      -4258.645319413187,
      -4258.60337838,
      -4258.57612349859,
      -4258.667510808551,
      -4258.603969482369,
      -4258.568108746662
    ],
    "max_q": -4258.554549756634
  },
  "state_2": {
    "pH_index": 0,
    "EC_index": 1,
    "best_action": 0,
    "q_values": [
      -2272.5950212896123,
      -2281.600058529032,
      -2280.3880064651553,
      -2278.216117983433,
      -2287.587882076897,
      -2292.7760699185073,
      -2281.298269621718,
      -2279.2518208491965,
      -2294.728996698124
    ],
    "max_q": -2272.5950212896123
  },
  "state_3": {
    "pH_index": 0,
    "EC_index": 2,
    "best_action": 5,
    "q_values": [
      -2213.9555505651606,
      -2245.8940523113465,
      -2234.0785006568653,
      -2226.0576901274803,
      -2225.266358662199,
      -2213.191375914108,
      -2229.23166371326,
      -2246.9818578074824,
      -2252.626979416978
    ],
    "max_q": -2213.191375914108
  },
  "state_4": {
    "pH_index": 0,
    "EC_index": 3,
    "best_action": 1,
    "q_values": [
      -2203.50927827132,
      -2195.034929547657,
      -2199.750225953132,
      -2203.739448347149,
      -2197.613629295387,
      -2209.0405409410673,
      -2212.7028561450134,
      -2223.5334131347454,
      -2199.395291142965
    ],
    "max_q": -2195.034929547657
  },
  "state_5": {
    "pH_index": 0,
    "EC_index": 4,
    "best_action": 1,
    "q_values": [
      -4228.402258259446,
      -4228.381570889971,
      -4228.441818956298,
      -4228.506359006719,
      -4228.567661344237,
      -4228.707674781013,
      -4228.624302126134,
      -4228.535190969574,
      -4228.693605674959
    ],
    "max_q": -4228.381570889971
  },
  "state_6": {
    "pH_index": 1,
    "EC_index": 0,
    "best_action": 3,
    "q_values": [
      -4277.962073947232,
      -4277.958012574214,
      -4277.9882205299355,
      -4277.94052913844,
      -4277.956549941847,
      -4277.950348845401,
      -4277.958773563558,
      -4277.993028333617,
      -4277.977197573336
    ],
    "max_q": -4277.94052913844
  },
  "state_7": {
    "pH_index": 1,
    "EC_index": 1,
    "best_action": 7,
    "q_values": [
      -667.212480132956,
      -671.8784409870275,
      -662.488331004572,
      -656.6948950550866,
      -641.9884232769972,
      -677.2984213999976,
      -677.4672580282586,
      -641.2742735374643,
      -665.7314625237341
    ],
    "max_q": -641.2742735374643
  },
  "state_8": {
    "pH_index": 1,
    "EC_index": 2,
    "best_action": 8,
    "q_values": [
      -647.3038154020165,
      -665.8598741257729,
      -644.4641709654486,
      -670.5873122416999,
      -664.3767204555983,
      -653.5061495747404,
      -638.3949854344252,
      -711.6250902724554,
      -634.0577223208682
    ],
    "max_q": -634.0577223208682
  },
  "state_9": {
    "pH_index": 1,
    "EC_index": 3,
    "best_action": 8,
    "q_values": [
      -584.6757355528699,
      -574.2269557201209,
      -591.9293285932833,
      -589.6110897463063,
      -558.1951719144265,
      -570.9731967110439,
      -562.5346193959363,
      -573.0560179734287,
      -557.5138651743385
    ],
    "max_q": -557.5138651743385
  },
  "state_10": {
    "pH_index": 1,
    "EC_index": 4,
    "best_action": 5,
    "q_values": [
      -4242.07335565678,
      -4242.134311977063,
      -4242.049211701384,
      -4242.062470872198,
      -4242.153569144969,
      -4242.041579536845,
      -4242.051596295966,
      -4242.0488694218675,
      -4242.093383645324
    ],
    "max_q": -4242.041579536845
  },
  "state_11": {
    "pH_index": 2,
    "EC_index": 0,
    "best_action": 0,
    "q_values": [
      -4293.1891841538945,
      -4293.190805766951,
      -4293.190116118244,
      -4293.207141757558,
      -4293.191849848973,
      -4293.1914914661365,
      -4293.190608136152,
      -4293.20493623893,
      -4293.205231587625
    ],
    "max_q": -4293.1891841538945
  },
  "state_12": {
    "pH_index": 2,
    "EC_index": 1,
    "best_action": 1,
    "q_values": [
      -746.291508028287,
      -724.3006062304842,
      -758.5362910090405,
      -745.1263477446848,
      -760.1718996852867,
      -737.5620853893828,
      -742.3477908259404,
      -756.4749143601512,
      -735.7548414298299
    ],
    "max_q": -724.3006062304842
  },
  "state_13": {
    "pH_index": 2,
    "EC_index": 2,
    "best_action": 0,
    "q_values": [
      0.0,
      0.0,
      0.0,
      0.0,
      0.0,
      0.0,
      0.0,
      0.0,
      0.0
    ],
    "max_q": 0.0
  },
  "state_14": {
    "pH_index": 2,
    "EC_index": 3,
    "best_action": 3,
    "q_values": [
      -763.9850095695737,
      -766.3501237680731,
      -764.9303762835627,
      -742.5364418026452,
      -815.9961626606812,
      -769.9054747404343,
      -749.8182540630974,
      -746.0715476095012,
      -761.916319465859
    ],
    "max_q": -742.5364418026452
  },
  "state_15": {
    "pH_index": 2,
    "EC_index": 4,
    "best_action": 8,
    "q_values": [
      -4275.587327101446,
      -4275.647424539017,
      -4275.624407914337,
      -4275.5816293631015,
      -4275.6091778604705,
      -4275.642887663783,
      -4275.606083312983,
      -4275.655142475922,
      -4273.919656205145
    ],
    "max_q": -4273.919656205145
  },
  "state_16": {
    "pH_index": 3,
    "EC_index": 0,
    "best_action": 5,
    "q_values": [
      -4285.011726323362,
      -4285.02092655143,
      -4285.0285153196755,
      -4285.0398795833335,
      -4285.024798559844,
      -4285.004633659912,
      -4285.038045827694,
      -4285.034332507563,
      -4285.03506612903
    ],
    "max_q": -4285.004633659912
  },
  "state_17": {
    "pH_index": 3,
    "EC_index": 1,
    "best_action": 8,
    "q_values": [
      -589.9826165197289,
      -636.4971842430094,
      -577.6789859575226,
      -662.1424977247605,
      -564.6155357491102,
      -555.5998275253605,
      -629.0995888955003,
      -574.5570625963253,
      -554.50905969106
    ],
    "max_q": -554.50905969106
  },
  "state_18": {
    "pH_index": 3,
    "EC_index": 2,
    "best_action": 1,
    "q_values": [
      -690.7225168904149,
      -610.8500592530529,
      -641.1956739084757,
      -616.6963786690004,
      -642.1510279357877,
      -681.6990954828227,
      -634.4166252327124,
      -614.1618903848012,
      -637.0690589155482
    ],
    "max_q": -610.8500592530529
  },
  "state_19": {
    "pH_index": 3,
    "EC_index": 3,
    "best_action": 2,
    "q_values": [
      -625.6938177595327,
      -635.0055110595144,
      -623.655863755218,
      -635.4803051990166,
      -719.2439703523843,
      -633.9815174311009,
      -648.0256227248459,
      -625.2653690894172,
      -644.2736794292912
    ],
    "max_q": -623.655863755218
  },
  "state_20": {
    "pH_index": 3,
    "EC_index": 4,
    "best_action": 5,
    "q_values": [
      -4260.427619341873,
      -4260.422389250798,
      -4260.900243855722,
      -4260.435374847549,
      -4260.453329839857,
      -4260.421073206198,
      -4260.498818515355,
      -4260.445130115009,
      -4260.665205718408
    ],
    "max_q": -4260.421073206198
  },
  "state_21": {
    "pH_index": 4,
    "EC_index": 0,
    "best_action": 2,
    "q_values": [
      -4297.78310873394,
      -4297.73794224686,
      -4297.70591289608,
      -4297.732692769838,
      -4297.726115745842,
      -4297.735016135797,
      -4297.722490619396,
      -4297.783044008358,
      -4297.856738145095
    ],
    "max_q": -4297.70591289608
  },
  "state_22": {
    "pH_index": 4,
    "EC_index": 1,
    "best_action": 8,
    "q_values": [
      -2295.3437912084532,
      -2314.4090409394053,
      -2296.156377045909,
      -2297.8953325104594,
      -2304.772230584358,
      -2301.2089569081754,
      -2310.7506502776387,
      -2317.9798888694854,
      -2289.8991792988704
    ],