{
  "state_1": {
    "pH_index": 0,
    "EC_index": 0,
    "best_action": 2,
    "q_values": [
      -193.51104692306282,
      -149.25467787707058,
      -106.75762180086605,
      -170.31239203475124,
      -169.82972588849648,
      -162.79041078149166,
      -160.50986830972602,
      -181.6429579742015,
      -191.47947842305467
    ],
    "max_q": -106.75762180086605
  },
  "state_2": {
    "pH_index": 0,
    "EC_index": 1,
    "best_action": 2,
    "q_values": [
      -136.44724856611896,
      -117.83398271290105,
      31.16526447881525,
      -166.68618750958362,
      -145.91089038293222,
      -167.4221266895385,
      -254.30755924430235,
      -191.43869573042988,
      -147.54151111615752
    ],
    "max_q": 31.16526447881525
  },
  "state_3": {
    "pH_index": 0,
    "EC_index": 2,
    "best_action": 2,
    "q_values": [
      -183.02165989686674,
      -174.70805724817941,
      -67.3306353437018,
      -216.62817272006356,
      -204.6882477652739,
      -240.78215015660777,
      -283.10126833652976,
      -189.85903072856044,
      -186.60059812675763
    ],
    "max_q": -67.3306353437018
  },
  "state_4": {
    "pH_index": 0,
    "EC_index": 3,
    "best_action": 7,
    "q_values": [
      -298.8952073750223,
      -261.605065596343,
      -253.28232308742935,
      -286.5583057162094,
      -286.2555686078949,
      -288.7911325282069,
      -289.7710765303615,
      -242.93831591772454,
      -290.39720819109795
    ],
    "max_q": -242.93831591772454
  },
  "state_5": {
    "pH_index": 0,
    "EC_index": 4,
    "best_action": 2,
    "q_values": [
      -254.57515073246776,
      -254.26736574429083,
      -254.12238008385276,
      -254.8889988663992,
      -254.38445657851358,
      -255.62503133524592,
      -254.63872397708033,
      -254.5728885319318,
      -254.52447973914622
    ],
    "max_q": -254.12238008385276
  },
  "state_6": {
    "pH_index": 1,
    "EC_index": 0,
    "best_action": 6,
    "q_values": [
      -15.445770529990568,
      63.540342179541504,
      92.57509470399481,
      35.78435259467458,
      -78.59553800006474,
      61.59036464447957,
      145.79016507872737,
      17.896675476285225,
      30.650686109889044
    ],
    "max_q": 145.79016507872737
  },
  "state_7": {
    "pH_index": 1,
    "EC_index": 1,
    "best_action": 2,
    "q_values": [
      224.4174095119289,
      221.69413844504177,
      373.3716333664133,
      170.6944104990423,
      63.221768059029074,
      180.9202566424528,
      -47.874474383722344,
      122.28243954561718,
      201.95180475869145
    ],
    "max_q": 373.3716333664133
  },
  "state_8": {
    "pH_index": 1,
    "EC_index": 2,
    "best_action": 2,
    "q_values": [
      222.0989149481588,
      157.37587228440455,
      298.57120444580346,
      86.47405945119682,
      22.067926780945875,
      62.05393333802057,
      -228.19413026706542,
      158.88019669079694,
      198.64768244113483
    ],
    "max_q": 298.57120444580346
  },
  "state_9": {
    "pH_index": 1,
    "EC_index": 3,
    "best_action": 7,
    "q_values": [
      -21.754044377875648,
      -141.58401792385368,
      -82.6029945521807,
      -138.70036730584175,
      -165.6332433392496,
      -222.472913758662,
      -390.2116158038223,
      36.73893520664984,
      -40.25894249007227
    ],
    "max_q": 36.73893520664984
  },
  "state_10": {
    "pH_index": 1,
    "EC_index": 4,
    "best_action": 7,
    "q_values": [
      -418.2776522963375,
      -406.36656288065285,
      -402.0433401263231,
      -398.85644490512146,
      -382.5321852572011,
      -413.4514544573496,
      -411.17422584906376,
      -380.4521793121048,
      -408.6532977748637
    ],
    "max_q": -380.4521793121048
  },
  "state_11": {
    "pH_index": 2,
    "EC_index": 0,
    "best_action": 6,
    "q_values": [
      152.0528577523283,
      204.92509894314458,
      175.0641634576065,
      188.46065223695055,
      147.9118520349725,
      250.7057081475014,
      382.22636503614916,
      183.39594012287344,
      180.82739099984505
    ],
    "max_q": 382.22636503614916
  },
  "state_12": {
    "pH_index": 2,
    "EC_index": 1,
    "best_action": 5,
    "q_values": [
      392.4711708454283,
      422.3536999663079,
      391.0010247730679,
      376.5845823454429,
      341.87684020132383,
      480.4632888646307,
      196.41441346894194,
      340.5486377102735,
      405.4981880597104
    ],
    "max_q": 480.4632888646307
  },
  "state_13": {
    "pH_index": 2,
    "EC_index": 2,
    "best_action": 0,
    "q_values": [
      572.3472791225848,
      353.67024472072666,
      352.86654195821995,
      367.77452031544493,
      290.7310160032114,
      300.63132618989914,
      -120.56531295046817,
      392.3422696640658,
      491.4486957446213
    ],
    "max_q": 572.3472791225848
  },
  "state_14": {
    "pH_index": 2,
    "EC_index": 3,
    "best_action": 7,
    "q_values": [
      194.1996364996066,
      -16.519500246593275,
      -4.794095314393082,
      41.872491331461156,
      -17.36477551022209,
      -96.54633119379648,
      -315.8116054068669,
      236.3649100693607,
      178.6368565165173
    ],
    "max_q": 236.3649100693607
  },
  "state_15": {
    "pH_index": 2,
    "EC_index": 4,
    "best_action": 7,
    "q_values": [
      -371.7860808349365,
      -372.8005813476099,
      -391.5644928903276,
      -366.02462835559083,
      -388.4904070814686,
      -370.7912144675462,
      -380.34741566377915,
      -272.0498743973558,
      -353.22333035458456
    ],
    "max_q": -272.0498743973558
  },
  "state_16": {
    "pH_index": 3,
    "EC_index": 0,
    "best_action": 6,
    "q_values": [
      4.344228081404328,
      47.9124328674956,
      -5.554613368676617,
      71.29584216093642,
      116.29386898629517,
      72.19486854807512,
      176.90436917245185,
      40.4518688324992,
      19.63177884496854
    ],
    "max_q": 176.90436917245185
  },
  "state_17": {
    "pH_index": 3,
    "EC_index": 1,
    "best_action": 4,
    "q_values": [
      180.8847562293303,
      133.2308423219302,
      110.61828508255509,
      210.0872148470235,
      322.62821517529295,
      167.14892082862488,
      35.54198417971649,
      105.20787665936274,
      172.52338773579578
    ],
    "max_q": 322.62821517529295
  },
  "state_18": {
    "pH_index": 3,
    "EC_index": 2,
    "best_action": 4,
    "q_values": [
      193.91965770573202,
      54.906558519273105,
      63.38254177432967,
      159.1444415970882,
      276.91842613220444,
      58.32389752568388,
      -240.77191904202067,
      133.40747603561888,
      172.6672418675474
    ],
    "max_q": 276.91842613220444
  },
  "state_19": {
    "pH_index": 3,
    "EC_index": 3,
    "best_action": 7,
    "q_values": [
      -29.949354075294707,
      -194.4695800332874,
      -203.63972430264215,
      -99.48538206752599,
      -37.98206152165659,
      -230.44930273621233,
      -391.37105313399024,
      15.207964606485227,
      -60.79883796483017
    ],
    "max_q": 15.207964606485227
  },
  "state_20": {
    "pH_index": 3,
    "EC_index": 4,
    "best_action": 7,
    "q_values": [
      -444.70491982133973,
      -432.02862916045115,
      -408.55116360454167,
      -413.4012860208404,
      -405.6926173795009,
      -439.54076714261834,
      -434.21801360497176,
      -389.27429454205316,
      -432.45800042285515
    ],
    "max_q": -389.27429454205316
  },
  "state_21": {
    "pH_index": 4,
    "EC_index": 0,
    "best_action": 4,
    "q_values": [
      -138.75193823680675,
      -123.76566628847073,
      -129.8894440394064,
      -108.39681255672654,
      -17.182225151335235,
      -123.82706293183747,
      -111.75600873389112,
      -147.8685672382394,
      -139.20929950534665
    ],
    "max_q": -17.182225151335235
  },
  "state_22": {
    "pH_index": 4,
    "EC_index": 1,
    "best_action": 4,